0,
1,https://farm8.staticflickr.com/7177/6825947764_cab7cae3c8_o.jpg
2,https://farm6.staticflickr.com/5238/5913452967_c57550acbf_o.jpg
3,https://farm6.staticflickr.com/5161/5334767896_562f878369_o.jpg
4,https://farm6.staticflickr.com/5516/9671207930_8dfde6243b_o.jpg
5,
6,https://farm3.staticflickr.com/2808/9493011478_5ba1bab656_o.jpg
7,https://farm6.staticflickr.com/5443/9169946371_73452bef6f_o.jpg
8,https://farm6.staticflickr.com/5068/5668683027_2bdc454feb_o.jpg
9,
10,https://farm6.staticflickr.com/5109/5665782941_96960feb1c_o.jpg
11,https://farm6.staticflickr.com/5024/5666351800_f20581b377_o.jpg
12,
13,
14,https://farm8.staticflickr.com/7169/6651165261_5c400841f6_o.jpg
15,
16,https://farm9.staticflickr.com/8004/7691332970_b05c77bdd0_o.jpg
17,https://farm2.staticflickr.com/1216/565466400_cf22def2ee_o.jpg
18,https://farm6.staticflickr.com/5457/14040965556_b0abecda99_o.jpg
19,
